abduction,2.33,2.13,6.09,2.72
angry,2.27,1.51,7.46,2.04
abortion,3.15,2.39,5.85,3.09
anguished,1.55,0.83,6.2,2.8
absurd,4.7,1.3,4.65,1.93
ankle,5,1.6,4.04,1.86
abundance,6.55,1.9,5.1,2.53
annoy,2.61,1.99,6.48,2.5
abuse,1.46,1.03,6.88,2.83
answer,6.32,1.64,5.18,2.63
acceptance,8.18,1.56,4.86,3
anxious,4.81,2.04,7,1.74
accident,2.08,1.29,6.48,2.62
applause,7.62,1.6,5.77,2.98
ace,6.14,2.1,4.95,2.33
appliance,5.15,0.49,3.85,1.76
ache,2,1.11,4.77,2.62
arm,5.21,1.86,2.92,1.89
achievement,8,1.24,5.97,2.8
army,4.55,1.99,5.42,2.04
activate,5.31,0.97,5,2.55
aroused,7.96,0.96,6.77,2.61
addict,2.12,1.48,5.68,1.95
arrogant,2.9,1.71,6.1,1.62
addicted,2.29,1.49,5.09,2.67
art,7.5,1.44,5.08,3.13
admired,7.81,2.01,5.97,2.53
assassin,2.5,1.8,6.53,2.42
adorable,8.12,1.07,4.96,2.92
assault,1.78,1.35,7.7,2.32
adult,6.5,1.5,4.81,1.65
astonished,6.6,1.7,6.7,2.18
advantage,6.72,2.11,4.48,2.1
astronaut,6.54,1.58,5.62,2.1
adventure,8,1.17,7.05,1.85
athletics,6.45,2.16,5.45,2.37
affection,8.57,0.74,6.25,2.86
autumn,6.47,2.27,4.34,2.55
afraid,1.83,1.14,6.68,2.65
avalanche,2.95,1.7,5.8,2.55
aggressive,4.89,1.79,5.68,2.29
avenue,5.82,1.44,3.86,2.17
agility,6.24,1.55,5.07,1.77
awed,7.05,1.19,5.42,2.48
agony,2.41,2.15,6.34,2.62
baby,8.65,0.67,4.95,2.96
agreement,7.38,1.63,5.14,2.51
bake,6.05,2.06,5.45,2.06
air,6.23,1.54,3.64,2.19
bandage,5.05,1.56,4.19,2.23
alcoholic,2,1.36,6,2.12
bankrupt,1.85,1.16,6.56,2.77
alert,6.69,1.72,7,2.51
banner,5.45,0.96,4.19,2.02
alien,4.75,1.65,5.1,2.38
bar,5.91,1.93,4.78,2.81
alimony,4.62,2.16,5.14,2.1
barrel,4.83,1.27,3.04,1.85
alive,7.79,1.86,5.62,2.81
basket,5.31,1.09,3.88,2.01
allergy,2.95,1.53,4.68,2.48
bastard,3.44,2.21,5.94,2.02
alley,4.19,2.16,5.43,2.66
bath,7.42,1.55,3.58,2.58
alone,2.1,1.35,5.16,2.62
bathroom,5.19,1.27,3.92,1.57
aloof,4.68,1.93,4.54,2.27
bathtub,6.75,1.48,3.25,2.53
ambition,7.88,1.53,5.42,3.13
beach,7.65,1.95,4.45,3.28
ambulance,2.27,1.54,7.62,1.98
beast,3.5,2.11,5.21,2.84
angel,7.81,1.1,4.65,2.59
beautiful,8,1.03,5.95,2.24
anger,2,1.28,8.22,1.35
beauty,8.04,1.15,4.52,2.76
bed,7.15,1.54,3.19,2.23
bright,7.91,1.41,5.62,2.22
bees,3.15,2.11,6.31,2
broken,2.73,1.61,5.46,2.44
beggar,2.65,1.85,5.62,2.61
brother,7.26,2.45,4.3,2.88
bench,4.65,1.47,3.77,2.27
brutal,2.46,1.84,7.36,1.87
bereavement,4.52,1.85,4.5,1.89
building,5.04,1.04,3.77,1.77
betray,1.6,0.96,7.28,2.09
bullet,2.45,1.82,5.48,2.71
beverage,6.86,1.46,5.14,2.37
bunny,7.7,1.38,3.8,2.65
bird,7.41,1.35,3.39,2.31
burdened,2.38,1.5,5.72,2.01
birthday,8.13,0.97,6.74,2.14
burial,1.77,1.07,5.32,2.32
black,4.88,2.03,4.68,2.32
burn,2.35,1.35,6.04,1.99
blackmail,2.93,2.09,6.31,2.66
bus,4.31,1.81,3.77,1.61
bland,4.09,1.15,3.14,1.61
busybody,5.52,2.58,5.36,2.74
blase,4.79,1.03,3.58,1.77
butter,5.31,1.29,3.12,1.9
blasphemy,3.83,2.43,5.25,2.31
butterfly,7.48,1.2,3.48,2.59
bless,7.73,1,4,2.83
cabinet,5,0.31,3.57,1.91
blind,3.35,2.11,4.95,2.39
cake,7.26,1.36,4.91,2.48
bliss,6.8,2.53,4.12,2.79
cancer,1.41,0.8,6.26,3.01
blister,2.25,1.33,4.4,2.58
candy,6.96,2.47,4.96,2.47
blond,6.2,1.51,4,2.2
cane,4.36,1.62,4,2
bloody,2.08,1.16,6.5,1.63
cannon,4.05,1.64,4.25,2.83
blossom,7.09,1,4.61,2.35
capable,7.26,1.45,4.74,2.26
blubber,3.31,1.93,4.58,2.56
car,7.62,1.92,6.81,1.77
blue,6.38,1.96,4.62,2.32
carcass,2.59,1.71,4.59,2.3
board,5,1.23,3.56,2.22
carefree,7.45,1.4,4.82,2.79
body,5.38,2.32,5.46,2.55
caress,7.94,1.11,5.39,2.89
bold,7,1.55,5.94,2.02
cash,8.46,1.07,7.65,1.5
bomb,1.9,1.14,7.31,2.42
casino,6.71,1.55,6.27,2.27
book,5.55,1.19,4.2,2.73
cat,6.08,2.26,4.65,2.17
bored,3.05,1.28,2.8,2.4
cell,4.27,1.34,4.46,1.9
bottle,6.21,1.47,4.26,2.7
cellar,4.21,1.79,4.46,2.28
bouquet,7.55,1.54,5.85,2.54
cemetery,2.22,1.24,5,2.88
bowl,5.54,1.48,3.5,2.16
chair,5,1,3.07,1.77
boxer,4.92,1.9,5.04,2.31
champ,7.15,2.31,5.85,2.94
boy,6.91,1.73,5.13,2.42
champion,8.45,0.83,6.29,2.98
brave,7.55,1,6.35,2.32
chance,5.72,1.86,5.4,2.55
breast,5.43,1.12,4.43,2.04
chaos,3.86,2.53,7,2.25
breeze,7.2,1.36,4.45,2.54
charm,6.83,1.58,5,2.19
bride,7.88,1.33,6.25,2.74
cheer,8.5,0.76,6.3,2.58
child,8,1.12,5.35,2.74
corrupt,2.52,1.81,4.52,2.2
chin,5.2,1.11,2.95,1.82
cottage,6.83,1.7,2.87,2.42
chocolate,6.96,1.99,5.69,2.41
couple,7.96,2.03,7.38,1.75
christmas,7.96,1.51,6.42,2.52
cow,5.42,1.45,3.85,2.11
church,6.81,1.94,4.16,2.1
coward,2.73,1.55,4.23,2.31
circle,6,1.27,4.24,2.19
cozy,7.3,1.66,3.04,2.25
circus,7.75,2,6.45,2.65
crash,2.21,1.42,6.93,2.53
city,6.26,1.25,5.7,2.74
crime,2.33,1.52,5.75,2.45
cliff,4.38,1.92,6.62,1.98
criminal,2.62,1.66,5.68,2.4
clock,5.45,1.28,4.1,2.77
crisis,1.72,1.37,6.08,3.09
clothing,6.88,1.59,5.12,2.86
crown,6.73,1.43,4.62,2.47
clouds,5.96,2.2,3.15,1.91
crucify,2.09,1.75,6.78,2.18
clumsy,3.96,2.36,5.46,2.49
crude,2.59,1.53,5.14,2.62
coarse,4.45,1.68,4.14,1.9
cruel,1.57,0.84,5.96,2.79
coast,5.92,2,4.42,2.23
crushed,1.86,1.28,5.41,3.02
cockroach,2.38,2.03,6.47,2.81
crutch,3.08,1.55,3.88,2.23
coffin,2.41,1.92,5.28,2.79
cuddle,8.15,1.6,3.7,2.52
coin,6.3,1.49,4.1,2.22
cuisine,6.46,1.36,4.08,2
cold,4.14,2.08,5,2.56
curious,5.82,1.7,5.82,1.49
color,7,1.54,4.82,2.63
curtains,4.68,0.99,3.68,1.73
column,5.18,0.66,3.55,1.82
custom,6.04,1.59,4.65,2.1
comedy,8.57,0.9,5.61,3.12
cut,3.58,2.26,5.21,2.21
comfort,7.61,1.97,3.74,2.8
cute,7.95,0.94,4.85,2.96
computer,6.35,1.26,4.96,1.8
cyclone,3,2.4,6.48,2.9
concentrate,5.39,1.34,4.61,2.37
dagger,2.6,1.26,6.58,2.44
confident,8.12,1.31,6.04,2.39
damage,2.45,1.34,6.05,2.21
confused,3.17,1.8,6.27,1.86
dancer,7.46,1.56,6.65,1.92
consoled,5.85,1.66,4.2,2.38
danger,1.85,1.29,7.42,2.34
contempt,3.72,2.23,5.41,2.31
dark,4.52,2.84,4.29,2.45
contents,4.97,0.82,4.44,2.09
dawn,6.21,2.25,4.42,2.89
context,5.19,1.33,4.12,2.52
daylight,6.96,2.13,4.5,2.77
controlling,3.38,2.17,6.38,2.21
dazzle,7.24,1.14,6.27,2.07
cook,6.24,2.3,4.62,2.14
dead,1.42,0.76,6.04,2.63
cord,5.23,0.87,3.27,2.21
death,1.55,1.61,4.75,3.29
cork,5.27,0.94,3.73,2.41
debt,2.12,1.21,6.46,2.52
corner,4.38,1.12,4.38,1.66
deceit,2.57,1.6,6,2.24
corpse,2.07,1.58,4.93,3.09
decompose,2.62,1.68,5,2.37
corridor,4.9,1.02,3.65,2.39
decorate,7.32,1.13,5.52,1.81
defeated,2.28,1.79,5.65,3.14
divorce,2.08,1.94,7.16,2.19
defiant,4.11,2.23,6.41,2.34
doctor,5.48,2.65,6.04,2.76
deformed,1.85,1.39,4.55,2.46
dog,7.46,1.7,6.12,1.93
delayed,3,1.51,6.09,2.52
doll,6.88,1.83,4.88,2.49
delight,8.43,0.84,5.3,3.1
dollar,7.74,1.28,6,2.81
demon,1.39,1.03,7.32,2.34
door,5.12,1.42,3.42,2.19
dentist,4.46,2.2,5.85,1.67
dove,7.32,1.52,3.09,2.49
depressed,1.58,1.36,5.06,3.18
dreadful,2.19,1.9,5.92,2.62
depression,1.27,0.72,4.54,3.35
dream,6.92,1.83,4.62,2.91
derelict,4.1,1.77,4.09,2.18
dreary,2.86,1.71,2.91,2.27
deserter,1.9,1.32,5.86,2.63
dress,6.77,1.45,3.65,1.92
desire,7.65,1.5,7.46,1.63
drown,1.88,1.24,6.46,2.02
despairing,2.19,1.06,5.72,2.39
dummy,3.76,1.95,4.32,2.36
despise,2,1.5,6.52,2.49
dump,2.73,1.61,4.05,2.16
destroy,2.12,1.42,7.04,2.18
dustpan,3.73,1.61,3.5,2.2
destruction,2.04,1.71,5.58,2.86
earth,7.35,1.65,4.32,2.7
detached,3.88,1.82,4.31,2.65
easy,7.11,1.7,3.47,2.82
detail,5.35,1.69,3.8,2.12
easygoing,7.38,1.52,4.43,2.54
detest,1.92,1.13,6.15,2.49
eat,7.05,1.93,5,2.49
devil,1.96,1.91,6.76,2.33
ecstasy,7.8,1.88,6.9,2.29
devoted,7.52,1.35,5.07,2.34
education,6.8,2.06,5.85,2.52
diamond,7.92,1.13,5.8,2.97
egg,5.42,1.96,4,2.22
dignified,7.29,1.4,4.62,2.41
elated,7.43,1.95,6.22,2.47
dinner,6.85,1.71,5.35,1.9
elbow,5.32,1.17,4.1,2.19
diploma,8.18,1.5,5.68,3.09
elegant,7.56,1.13,4.39,2.55
dirt,3.9,1.59,4.15,2.16
elevator,5.76,1.48,4.73,1.75
dirty,2.35,1.26,4.58,1.77
embarrassed,2.43,1.41,5.87,2.69
disappoint,2.26,1.42,5.13,2.72
embattled,4.15,1.35,5.15,2.43
disaster,1.2,0.52,6.6,2.89
employment,6.72,1.7,5.2,2.16
discomfort,1.95,0.83,4.65,2.56
engaged,8.34,1.2,7.14,2.09
discouraged,3,2.68,4.87,1.94
engine,5.09,1.23,3.66,2.38
disdainful,3.56,2,5.22,2.3
enjoyment,7.88,1.2,4.8,2.72
disgusted,2.35,1.4,6.04,2.51
ennui,5.06,1.82,4.58,2.31
disloyal,1.65,1.65,7.04,1.78
enraged,2.52,1.68,8,2.22
displeased,2.81,2.32,6.15,2.43
erotic,6.73,1.59,6.77,2.03
distressed,1.91,1.28,6.39,2.54
errand,4.88,1.03,4.08,1.78
disturb,3.65,2.19,5.85,2.68
event,6,1.26,4.55,2.19
diver,6.31,1.49,5.12,1.68
evil,2.46,2.35,6.27,2.54
excellence,8.41,1.02,5.83,2.78
foam,6.67,2.2,6.18,2.48
excitement,7.83,2.09,8.07,1.46
food,7.42,1.65,6.42,1.58
excuse,4.19,1.02,4.2,2.02
foot,5,1.02,3.12,2.08
execution,1.78,1.54,5.83,2.77
fork,5.12,0.82,3.88,1.68
exercise,7.26,1.36,6.65,1.99
foul,2.73,1.73,4.76,2.05
fabric,5.38,0.97,4.32,2.15
fragrance,5.96,2.31,4.19,2.45
face,6.65,1.41,5.31,2
fraud,2.65,1.67,5.92,2.65
failure,1.36,0.81,5.52,2.86
free,8.48,0.9,5.17,3.11
fall,4.32,2.23,4.81,2.32
freedom,7.62,2.3,5.08,3.01
FALSE,3.3,1.22,3.6,1.96
friend,8.12,1.21,5.35,2.84
fame,7.93,1.31,7.14,1.96
friendly,8.5,1.14,5.28,3.23
family,7.77,1.37,4.64,2.81
frigid,3.54,2.16,4.85,2.57
famous,6.69,2.49,5.68,2.66
frog,5.62,1.98,4.38,1.96
fantasy,7.42,2.16,4.54,2.94
frustrated,2.31,1.72,5.65,2.92
farm,5.65,1.74,4.19,1.96
fun,8.5,0.86,7.32,2.06
fascinate,7.44,1.39,5.72,2.82
funeral,1.23,0.87,5.55,3.38
fat,1.75,1.62,6.5,2.54
fungus,2.65,1.87,4.91,2.45
father,7.26,2.24,6.22,2.35
fur,4,1.81,4.48,2.47
fatigued,3.05,1.54,2.6,2.39
game,6.52,2.45,5.58,2.53
fault,3.75,1.07,4.45,1.36
gangrene,2.06,1.78,5.59,3.03
favor,6.36,1.53,4.23,1.8
garbage,2.62,1.9,5.64,2.36
fear,1.85,1.22,7.19,1.86
garden,7,1.52,4,2.45
fearful,2.31,1.26,6.65,2.23
garment,6.52,1.71,4.88,2.69
feeble,3.04,1.28,4.2,1.83
garter,5.54,1.36,4.88,2.03
festive,7.32,2.79,6.54,2.44
gender,5.86,1.93,4.41,2.13
fever,2.48,1.66,4.73,2.64
gentle,7.45,1.27,3.31,2.74
field,6.31,1.49,4.12,2.58
germs,2.81,1.5,4.68,2.28
fight,2.65,2.06,7.4,2.01
gift,8.38,1.61,6.59,2.64
filth,2.04,1.37,5.85,2.44
girl,6.31,1.49,3.04,2.15
finger,5.3,1.45,3.5,2.7
glacier,5.39,1.31,4.04,2.57
fire,2.85,2.15,7.44,1.94
glamour,7.17,1.37,4.74,2.28
fireworks,7.31,1.78,6.77,2.12
glass,4.92,1.09,4.15,2.03
fish,5.88,1.66,4.15,1.85
gloom,1.79,1.15,3.68,2.2
flabby,1.52,0.82,5.68,2.9
glory,7.62,1.74,5.97,2.89
flag,6.14,1.46,3.86,2.29
god,7.95,1.36,5.8,2.88
flirt,7.57,1.36,6.91,1.77
gold,7.35,1.87,5.43,3.03
flood,2.68,1.64,6.09,2.07
golfer,5.46,1.75,3.62,2.02
flower,7,1.85,3.65,2.53
good,7.59,1.59,6.05,2.36
gossip,3.23,2.6,6.32,2.42
heaven,7.41,2.45,5.16,3.32
graduate,8.35,0.88,7,2.43
hell,1.67,1.35,6.05,2.72
grass,6.38,1.56,3.67,2.01
helpless,2.19,1.55,5.62,2.48
grateful,7.39,1.08,4.78,2.37
heroin,4.79,2.99,5.67,2.41
greed,2.85,1.31,4,2
hide,3.97,1.94,5.66,2.46
green,6.48,2.01,4.1,2.48
highway,5.8,1.8,5.52,2.26
greet,7.05,1.61,5.25,2.67
hinder,3.75,1.16,4.15,2.16
grenade,3.32,1.84,5.91,2.54
history,4.77,2.03,3.81,2.4
grief,1.65,0.89,4.81,2.9
hit,3.27,2.03,6.04,1.68
grime,2.86,1.28,3.64,2.26
holiday,7.75,1.96,6.17,3.03
grin,7.79,1.53,4.92,2.43
home,8.04,1.4,4.16,3.13
gripe,3.05,1.7,5.05,2.1
honest,8,1.31,5.09,2.15
guillotine,1.82,1.59,6.69,2.48
honey,6.91,1.57,4.5,2.39
guilty,2.54,2.4,6.81,2.51
honor,7.69,1.29,5.77,2.01
gun,2.27,1.71,6.96,1.75
hooker,2.32,1.62,4,3.06
gymnast,6.27,1.87,5.54,2.04
hope,7.32,2.19,5.88,2.36
habit,4.08,1.98,4.04,2.37
hopeful,7.12,1.68,5.5,2.44
hairdryer,4.8,0.91,3.62,1.86
horror,2.48,2.2,7.69,2.04
hairpin,5.13,1.36,3.22,2.35
horse,6,1.72,4.04,2.32
hamburger,5.68,1.25,4.18,2.04
hospital,5.04,2.86,6.73,2.43
hammer,5,1.08,4.5,1.7
hostage,2.15,1.97,7.73,1.85
hand,6.05,1.43,4.43,1.83
hostile,2.38,1.33,6.23,2.42
handicap,2.95,1.15,3.95,2.09
hotel,5.52,1.87,4.46,2.42
handsome,8.09,1.44,6.55,2.46
house,7.23,1.9,5.04,2.18
haphazard,4.45,1.19,4.5,2.16
hug,8.17,1.77,5.26,3.03
happy,8.19,2.06,6.19,2.8
humane,7.38,1.5,4.27,2.22
hard,4.82,1.59,4.86,2.21
humble,5.76,1.33,3.88,2.35
hardship,1.95,1.33,5.05,2.71
humiliate,2.27,1.52,5.95,2.55
hat,5.36,1.36,3.73,1.86
humor,8.69,0.74,5.96,2.99
hate,1.79,1.32,6.79,2.66
hungry,3.52,1.83,5.09,2.29
hatred,1.69,1.69,6.76,2.52
hurricane,2.45,1.43,7,2
hawk,5.46,1.56,4.68,2.25
hurt,1.66,1.08,5.68,2.4
hay,5.3,0.66,3.05,2.09
hydrant,4.96,1,3.77,1.75
headache,1.88,0.99,5,2.86
icebox,4.91,1.11,3.59,2.22
headlight,5.45,1.19,3.85,2.06
idea,7.57,1.33,6.14,1.83
heal,7.45,1.6,4.9,2.39
identity,6.95,1.76,4.8,2.19
health,6.75,2.11,5.03,2.15
idiot,3,1.62,3.83,2.52
heart,7.9,1.33,6.55,2.44
idol,6.55,1.93,5.15,2.08
ignorance,3.21,2.62,4.83,2.66
jealousy,2.4,2.22,7,2.5
illness,2.27,1.35,4.82,2.26
jelly,5.62,1.61,3.54,2.17
imagine,7.52,1.44,6.32,2.17
jewel,7.24,1.5,5.31,2.49
immature,2.65,1.35,4.1,1.94
joke,8,1.76,6.82,1.79
immoral,3.29,2.05,5.17,2.53
jolly,7.45,1.88,5.45,2.89
impair,3,2.14,4.46,2.3
journal,5.32,1.7,3.68,2.38
impotent,2.54,1.56,4.5,2.32
joy,8.62,0.7,6.73,2.44
impressed,7.62,1.7,5.24,2.76
joyful,8.52,0.85,5.81,2.7
improve,7.9,1.02,5.8,2.07
jug,5,0.79,3.5,2.04
incentive,6.95,1.96,5.95,2.44
justice,7.93,1.13,5.71,2.62
indifferent,4.46,1.06,3.17,1.97
kerchief,4.81,1.27,3.27,2.31
industry,5.06,1.7,4.34,2.48
kerosene,4.77,1.75,4.36,2.55
infant,7.95,1.5,5.5,2.61
ketchup,5.68,1.29,4.52,2.14
infatuation,6.5,2.21,6.96,1.75
kettle,5.25,0.72,2.85,1.98
infection,1.48,0.85,5.22,2.84
key,5.96,1.65,3.5,2.27
inferior,3.05,1.15,4.45,1.88
kick,4.1,2.4,5.65,2.06
inhabitant,5.27,1.32,3.27,2.1
kids,6.96,2.34,5.27,2.66
injury,1.85,1.16,5.81,1.86
killer,1.43,1.2,8.35,1.43
ink,5.08,0.63,4,1.91
kind,7.62,1.82,4.69,2.58
innocent,6.76,1.3,3.82,2.2
kindness,8.38,0.94,3.76,2.76
insane,2.23,1.8,5.95,2.63
king,7.34,1.67,5.48,2.86
insect,3.68,2.32,4.19,2.62
kiss,8.24,1.7,7.55,1.68
insecure,2.41,1.45,6.14,2.29
kitten,7,1.9,5.15,2.49
insolent,4.12,1.75,5.19,2.28
knife,2.64,1.78,5.77,2.23
inspire,7.35,1.23,4.96,2.88
knot,4.82,1.3,4.62,1.96
inspired,7.58,1.77,6.04,2.86
knowledge,7.6,1.14,5.9,2.38
insult,1.68,1.13,6.55,2.44
lake,7.1,1.5,3.86,2.66
intellect,6.88,1.82,4.92,2.77
lamb,6.25,1.57,3.42,2
intercourse,7.05,1.46,6.68,2.19
lamp,5.75,1.12,3.9,2.15
interest,7.3,1.82,5.87,2.62
lantern,5.64,1.29,4,2.3
intimate,7.52,1.81,6.92,2.45
laughter,8.35,1.31,6.7,2.39
intruder,2.08,2.19,7.15,2.46
lavish,6.8,1.74,4.95,2.61
invader,2.46,1.91,6.5,2.13
lawn,5.23,0.87,3.82,1.82
invest,6.25,1.86,4.8,2.76
lawsuit,3.52,2.29,5.5,2.46
iron,4.54,1.03,3.54,1.86
lazy,4.33,2.18,3,2.49
irritate,3.26,1.71,6.17,1.92
leader,7.9,1.45,6.35,2.46
item,5.2,0.95,2.95,1.96
learn,7.27,1.56,5.54,2.28
jail,1.91,1.19,5.73,2.55
legend,6.41,1.47,4.27,1.86
leisurely,7,1.76,4.52,2.52
man,7.19,1.6,6.73,1.61
leprosy,2.09,1.2,6.48,2.31
mangle,3.68,2.21,5.14,2.44
lesbian,3.38,1.81,4.5,1.79
maniac,3.2,1.77,5.55,2.96
letter,6.91,1.63,4.64,2.54
manner,5.62,1.66,4.41,1.65
liberty,8.1,1.19,5.47,2.75
mantel,4.96,1.12,2.88,2.11
lice,2.12,1.45,4.92,2.34
manure,3.23,1.74,4.27,1.93
lie,2.28,1.55,6.25,2.53
market,5.5,1.01,3.55,1.92
life,7.38,1.7,6.26,2.49
massacre,2.32,2.03,5.43,2.79
lightbulb,5.77,1.42,4.38,2.14
masterful,7,1.96,4.97,3.1
lighthouse,5.58,2.34,3.96,2.51
masturbate,4.35,1.85,5.27,2.39
lightning,4,2.48,6.69,1.76
material,5.25,0.91,3.55,2.21
limber,5.9,1.7,4.52,2.44
measles,2.47,2.08,5.38,2.43
lion,5.54,1.92,6.54,1.86
medicine,5.76,2.23,4.48,2.29
listless,3.92,1.62,3.58,2.06
meek,3.38,1.6,4.19,2.33
lively,7.42,2.23,5.8,2.84
melody,7.5,1.4,5.2,2.17
locker,5.45,0.89,3.35,1.87
memories,7.59,1.62,6,2
loneliness,1.59,1.01,4.52,3
memory,6.4,1.5,5.4,2.04
lonely,2.15,2.01,4.92,2.78
menace,2.68,1.55,5.72,2.21
loser,1.95,1.4,5.05,2.55
merry,8.09,1.6,5.5,2.72
lost,2.54,1.9,5.77,2.83
messy,3.16,1.64,3.79,2.72
lottery,6.46,2.39,5.76,2.44
metal,4.8,1.01,3.75,2
louse,2.15,1.38,5.31,1.85
method,5.2,1.4,3.25,2.02
love,8.77,0.65,6.42,3.49
mighty,6.88,2.3,5.81,2.23
loved,8.83,0.47,6.69,2.77
mildew,3.08,1.44,4.08,1.81
loyal,7.93,1.6,5.24,2.53
milk,5.45,2.31,2.8,2.09
lucky,8.35,0.88,6.15,2.62
millionaire,7.92,1.47,6.35,2.54
lump,3.58,2.52,5.36,2.78
mind,6.85,1.53,4.75,2.67
luscious,7.48,1.08,4.96,2.65
miracle,8.72,0.61,7.72,1.81
lust,6.92,1.62,6.85,1.78
mischief,5.73,2.21,5.77,1.77
luxury,8.03,0.98,5.04,3
misery,1.59,1.62,5.36,2.74
machine,5.46,1.64,3.83,2.55
mistake,2.54,1.47,5.21,2.41
mad,2.52,2.11,6.67,2.24
mobility,6.95,1.7,4.59,2.24
madman,3.24,2.62,5.88,3.14
modest,5.81,1.3,3.65,2.31
maggot,1.92,1.32,5.54,2.9
mold,3.19,1.63,4.14,2.4
magical,7.82,1.5,5.86,2.64
moment,5.92,1.63,3.38,2.08
mail,7.18,1.71,5.55,2.34
money,7.45,1.35,6,2.51
malaria,2.41,1.44,4.81,2.4
month,5.07,1.16,4,1.83
malice,2.38,1.68,6.08,2.9
moody,2.96,1.57,4.33,2.5
moral,6.45,1.15,4.4,2.21
nude,5.88,0.91,5.73,1.59
morbid,2.62,2.14,5.22,2.77
nuisance,2.85,1.87,4.6,2.96
morgue,1.7,1.15,5.26,3.09
nun,5.23,2.05,2.81,1.86
mosquito,2.3,1.38,4.85,2.68
nurse,5.77,2.16,4.81,1.77
mother,8.74,0.75,6.74,2.38
nursery,6.31,2.45,4.64,3.03
mountain,6.86,1.52,5.27,2.39
obesity,2.81,2.14,4.52,3.02
movie,6.93,1.49,4.86,2.67
obey,4.52,1.78,4.38,1.4
mucus,2.8,2.12,3.4,2.46
obnoxious,3.05,2.5,5,2.77
muddy,4.15,2.2,4.44,2.24
obscene,3.48,2.12,4.62,2.25
muffin,6.77,2.14,5.19,2.5
obsession,3.69,1.89,6.19,2.43
murderer,1.42,0.81,7.42,2.14
ocean,7.28,1.83,4.76,2.87
muscular,7.09,1.35,5.29,2.15
odd,4.46,2.25,4.12,2.44
museum,5.62,1.63,3,1.76
offend,2.23,1.23,5.41,2.48
mushroom,5.5,2.18,4.5,2.2
office,5.19,1.27,4.08,2.04
music,8.43,0.9,5.13,3.48
opinion,6.58,1.47,5.08,2.4
mutation,3.56,2.33,4.85,2.62
optimism,7.8,1.7,5.9,2.59
mutilate,1.97,1.57,6.03,3.13
option,6.76,1.37,4.95,1.83
mystic,6.04,2.35,5.38,2.79
orchestra,6.31,1.49,3.75,2.38
naked,5.83,2.62,5.78,2.49
orgasm,8.19,1.36,8.27,1.08
name,5.21,2.47,3.83,2.43
outdoors,7.58,1.21,6.35,2.45
narcotic,4.09,2.58,5.33,2.65
outrage,3.35,2.03,7.15,2.18
nasty,3.12,2.39,4.84,2.54
outstanding,7.96,1.9,6.44,2.6
natural,6.62,1.6,3.62,2.38
overcast,3.33,1.65,2.95,1.77
nature,7.77,1.34,4.24,2.45
overwhelmed,3.88,2.64,7.29,1.97
nectar,6.96,1.4,4.08,2.33
owl,5.58,1.33,3.96,1.73
needle,3.62,1.83,5.62,3.09
pain,1.54,1.63,7.12,2.52
neglect,1.9,1.12,5.15,2.52
paint,6.05,1.8,3.86,2.41
nervous,2.91,1.54,7.5,1.74
palace,7.65,1.5,5.29,2.71
neurotic,4.08,2.36,5.42,2.89
pamphlet,4.73,0.98,3.81,2.09
news,5.1,1.87,5.73,1.72
pancakes,5.62,2.14,4.19,2.3
nice,6.35,2.88,4.12,2.49
panic,2.73,1.69,7.5,1.56
nightmare,1.57,1.53,7.65,2.48
paper,5.13,1.14,2.52,1.78
nipple,5.48,1.66,4.73,2.46
paradise,8.85,0.37,4.4,3.28
noisy,4.95,2.15,6.59,1.84
paralysis,1.64,1.09,4.64,2.9
nonchalant,4.77,0.86,3.12,1.93
part,5.12,1.93,3.23,2.42
nonsense,4.18,1.44,3.55,1.92
party,8.35,1.7,6.76,3.06
noose,3.35,1.6,4.05,1.96
passage,5.12,1.58,4.31,2.26
nourish,6.7,1.42,4.15,2.76
passion,8.1,1.32,7.1,2.78
pasta,6.69,1.62,5,2
pressure,3.27,1.93,6.55,2.15
patent,5.1,0.86,3.68,1.81
prestige,7.09,2.14,5.59,2.38
patient,5.86,1.82,4.23,2.52
pretty,7.85,1.09,5.37,2.31
patriot,6.59,1.56,4.05,2.34
prick,3.45,1.65,5.27,2.31
peace,8.2,1.2,2.05,2.04
pride,7.22,2.03,5.84,2.26
penalty,2.55,1.43,5.55,2.21
priest,6.65,1.65,3.71,2.71
pencil,5.19,0.69,3.19,1.92
prison,1.97,1.15,5.61,2.22
penis,6.25,1.71,6,2.45
privacy,5.96,1.48,4.23,1.7
penthouse,6.73,1.67,4.91,2.47
profit,7.54,1.21,6.27,1.8
people,7.77,1.63,6.73,2.15
progress,8,1.3,6.29,2.53
perfection,6.97,2.1,6.32,2.56
promotion,8.28,0.96,6.74,2.41
perfume,7.23,1.38,4.91,2.35
protected,8.12,1.09,4.08,3.29
person,6.22,1.84,4.42,2.66
proud,8,1.78,5.39,3.23
pervert,2.08,1.41,6.28,2.49
pungent,3.5,2.01,4.3,2.18
pest,2.76,1.59,5.77,2.08
punishment,2.12,1.37,6,2.37
pet,7.8,1.4,5.15,2.62
puppy,7.66,1.74,5.76,2.85
phase,5.14,1.06,4.57,1.47
pus,2.88,1.68,4.73,1.85
pie,6.38,2.16,3.81,2.53
putrid,2.12,1.62,5.88,2.23
pig,5.05,1.82,3.65,2.48
python,3.12,2.12,6.62,2.12
pillow,7.95,1.61,2.45,2.04
quality,6.15,1.52,4.46,2.28
pinch,3.25,1.52,4.35,1.84
quarrel,2.5,2.06,6.44,2.92
pistol,2.73,1.8,6.09,2.45
quart,5.33,2.18,3.17,2.57
pity,3.05,1.62,4.14,2.22
queen,7.1,1.48,4.8,2.46
pizza,6.5,2.14,5.38,2
quick,6.59,1.65,6.5,1.68
plain,4,1.58,3.68,2.4
quiet,5.52,1.95,2.94,2.27
plane,6.54,1.82,6.2,2.42
rabbit,6.73,2.07,4.38,2.35
plant,5.88,2.08,3.81,2.48
rabies,1.86,1.01,6.1,2.55
pleasure,8.38,0.86,5.59,2.96
radiant,7.04,2.24,5.67,2.85
poetry,6.23,1.66,3.76,2.63
radiator,4.82,0.66,3.64,1.76
poison,1.81,1.06,6.62,2.86
radio,6.77,1.42,4.46,2.79
politeness,7.43,1.04,3.74,2.38
rage,2.35,1.64,8.09,1.5
pollute,1.77,1.07,6.04,2.59
rain,4.81,2.4,3.62,2.37
poster,5.25,1.59,3.33,2.08
rainbow,8.25,1.12,4.45,3.09
poverty,1.46,0.76,4.84,2.75
rancid,4.24,2.26,4.81,2.32
power,6.12,2.42,6.44,2.06
rape,1.08,0.27,7.38,2.89
powerful,6.81,1.74,5.8,2.75
rat,2.82,1.7,5.14,2.48
prairie,5.93,1.33,3.26,1.93
rattle,4.85,0.97,4.35,2.38
present,7.32,1.64,4.68,2.59
razor,4.68,2.29,4.96,2.35
red,6.46,1.84,5.62,1.94
salad,5.91,1.67,3.84,2.24
refreshment,7.28,1.33,4.68,2.78
salute,6.2,1.58,5.45,2.31
regretful,2.25,1.55,5.75,2.3
sapphire,7.21,1.8,4.93,2.7
rejected,1.38,0.83,6.26,2.67
satisfied,8.12,0.99,5.12,2.83
relaxed,7.39,1.59,1.87,1.71
save,6.65,2.03,4.8,1.99
repentant,5.86,2.12,5.05,2.1
savior,7.72,1.62,5.76,3.01
reptile,4.27,1.99,5.23,2.3
scalding,2.58,2.06,5.31,2.69
rescue,7.5,1.4,5.95,2.78
scandal,2.68,1.73,5.27,2.41
resent,3.64,2.28,4.9,1.81
scapegoat,3.52,1.66,4.5,2.24
reserved,4.87,1.89,3.38,1.95
scar,3.18,1.99,4.91,2.45
respect,7.95,1.05,5.25,2.51
scared,2.08,1.44,6.81,2
respectful,7.34,1.01,5,2.57
scholar,7.35,1.47,5.17,2.62
restaurant,6.9,1.62,4.65,2.56
scissors,4.95,1.28,5,1.34
reunion,6.5,2.84,6.58,2.38
scorching,3.95,2.06,5.32,2.4
reverent,5.2,1.32,3.8,1.51
scorn,2.72,2.09,5.45,2.68
revolt,4.24,1.81,6.41,2.41
scornful,2.27,1.51,5.69,2.68
revolver,2.48,1.78,5.82,2.7
scorpion,3.75,3.04,6.42,2.67
reward,7.78,1.73,5.23,2.79
scream,3.73,2.13,7.38,1.44
riches,7.85,2.15,5.96,2.82
scum,2.04,1.24,4.72,2.41
ridicule,2.62,2.25,6.54,2.69
scurvy,2.96,1.95,4.92,2.66
rifle,2.62,1.96,6.23,2.18
seasick,1.96,1.25,6.15,2.82
rigid,3.25,1.78,4.58,2.28
seat,5.17,0.89,3.17,1.64
riot,2.5,2.04,6.58,2.79
secure,8,1.29,3.24,2.73
river,6.93,1.73,4.69,2.54
selfish,2.04,1.31,5.58,2.56
roach,1.95,1.59,7.5,2.24
sentiment,6.12,1.86,4.5,2.16
robber,2.18,1.68,5.81,2.8
serious,4.82,1.49,4,1.73
rock,5.32,1.17,4.81,2.27
severe,2.38,1.5,5.48,2.23
rollercoaster,8.23,1.42,8.5,1.03
sex,7.55,1.88,6.85,2.23
romantic,8.45,0.86,7.36,2.44
sexy,7.88,1.28,7.24,1.67
rotten,2,1.31,4.7,2.29
shadow,4.29,1.32,4.56,2.27
rough,4.76,2.23,5.68,2.25
shamed,2.05,1.23,5.8,2.31
rude,2.35,2.06,6.26,2.36
shark,3.5,2.34,7.08,2.02
runner,5.69,1.83,5.62,2.25
sheltered,5.95,1.93,3.95,1.67
rusty,3.84,1.61,3.59,2.08
ship,5.75,1.71,4.75,2.59
sad,1.43,0.84,4.09,2.48
shotgun,2.82,1.97,6.41,2.15
safe,7.71,1.33,3.75,2.91
shriek,3.75,2.17,5.75,2.91
sailboat,7.96,1.28,5,3.1
shy,4.68,2.17,3.69,2.31
saint,7.05,1.53,4,2.31
sick,1.69,1.05,4.15,2.65
sickness,2.08,1.38,5.36,2.77
spring,8,1.48,4.5,2.69
silk,7.16,1.4,3.5,2.62
square,4.69,0.97,3.41,1.76
silly,7.73,1.75,5.5,2.26
stagnant,4.14,1.93,3.91,2.24
sin,2.5,1.66,6.15,2.24
star,7.23,1.84,5.73,2.38
sinful,2.88,2.45,6.27,2.75
startled,4.56,1.98,7.19,2
sissy,2.81,1.67,5.23,2.67
starving,2,1.23,5.23,2.49
skeptical,4.2,1.38,4.62,1.92
statue,5.23,0.61,3.09,1.82
skijump,7.08,1.65,7.35,1.79
stench,1.82,1.37,4.57,2.62
skull,3.96,1.54,4.12,1.86
stiff,4.29,1.95,3.86,2.12
sky,7.46,1.42,4.19,2
stink,3.13,2.1,4.26,2.18
skyscraper,5.73,1.78,5.81,2.37
stomach,4.71,2.12,4.04,2.55
slap,2.56,1.39,6.58,2.64
stool,5,1.88,4.52,2.18
slaughter,1.44,0.91,6.71,2.52
storm,4.62,2.25,5.38,2.25
slave,1.62,1.02,7,2.74
stove,4.62,1.77,4.69,2.4
sleep,7.03,1.95,3.03,2.95
street,5.19,0.63,3.19,1.96
slime,2.25,1.61,5.53,2.72
stress,2,1.48,7.47,2.42
slow,3.91,1.57,2.73,2
strong,6.91,1.47,5.83,2.29
slum,2.46,1.33,5,2.43
stupid,2.1,1.19,4.97,2.64
slush,4.67,1.86,3.92,2.3
subdued,4.54,1.43,2.93,1.94
smallpox,2.54,1.96,5.44,2.06
success,8.35,0.93,6.04,2.84
smooth,6.48,2.06,4.85,2.62
suffocate,1.52,1.08,6.57,2.97
snake,2.58,1.68,6.92,1.92
sugar,7.05,1.68,5.14,2.61
snob,3.6,1.94,5.61,2.29
suicide,1,0,6.2,3.25
snow,7.27,1.54,6.12,2.18
sun,8.12,1.48,5.27,2.92
snuggle,8,1.35,3.96,2.96
sunlight,8.45,0.91,6.86,1.71
social,7.25,2.11,5.17,2.39
sunrise,7.91,1.47,5.04,3.21
soft,7.38,1.32,4.32,2.71
sunset,8.19,1.1,4.23,3.06
solemn,3.85,1.35,3.3,2.11
surgery,2.62,2.23,7,1.92
song,7.85,1.46,6.8,2.14
surprised,7.66,1.33,7.31,2.02
soothe,7.2,2.27,4.31,3.25
suspicious,3.55,1.28,6.45,1.76
sour,4.18,2.24,5.23,2.11
swamp,4.9,2,4.4,2.04
space,6.76,1.67,5.2,2.18
sweetheart,8.52,0.73,5.61,2.74
spanking,2.33,1.83,5.39,2.73
swift,6.36,1.65,4.91,2.49
sphere,5.23,0.53,3.86,1.62
swimmer,6.81,1.63,5.46,1.96
spider,3.04,1.51,5.92,1.96
syphilis,1.45,1.05,7,2.79
spirit,7,1.41,5.59,2.71
table,5.19,0.57,2.85,1.97
spouse,7.58,1.6,4.6,2.77
talent,7.65,1.26,6.08,1.98
spray,5.45,1.5,3.8,2.07
tamper,4.1,2.23,5.05,2.11
tank,4.42,1.58,4.85,1.78
treasure,8.1,0.97,6.15,2.8
taste,6.64,1.73,5.12,2.49
treat,7.5,1.26,5.71,2.24
taxi,4.62,1.93,3.08,2.08
tree,6.28,1.62,3.75,2.34
teacher,5.62,2.08,3.67,2.5
triumph,8.28,1.34,5.62,2.87
tease,3.96,2.29,5.68,2.41
triumphant,8.83,0.83,7.04,2.4
tender,7.29,1.23,4.68,2.51
trophy,7.73,1.25,5.23,2.6
tennis,6.15,1.87,4.81,2.79
trouble,2.65,1.77,7.3,1.96
tense,3.58,1.45,6.73,1.93
troubled,2,1.2,6.28,2.19
termite,3.28,2.44,6.42,2.02
truck,4.96,1.95,4.96,2.03
terrible,1.65,1.13,6.69,2.45
trumpet,5.7,1.3,4.8,2.04
terrific,8.12,1.16,6.35,2.52
trunk,5.16,1.62,4.35,2.28
terrified,1.69,1.23,8.08,2.23
trust,7.21,2.48,5.31,2.92
terrorist,1.42,0.86,7.77,1.88
truth,7.96,1.18,5.04,2.86
thankful,7.16,2.3,4.31,2.35
tumor,1.77,1.7,7.12,2.93
theory,5.2,1.47,4.45,1.79
tune,7.45,1.22,4.55,2.15
thermometer,4.67,1.2,4.09,2.04
twilight,7.5,1.79,4.54,2.47
thief,1.5,1.08,7.19,1.94
ugly,2.39,1.31,5.57,2.33
thorn,3.68,1.73,5.12,2.11
ulcer,1.72,1.1,6.04,2.62
thought,6.8,1.44,4.85,2.68
umbrella,5.12,1.67,4.32,1.65
thoughtful,7.85,1.09,5.15,2.58
unfaithful,1.85,1.43,6.62,2.89
thrill,7.85,1.41,7.81,1.9
unhappy,1.35,0.78,4.26,2.53
tidy,6.32,1.93,4.36,2.16
unit,5.5,1.59,3.21,2.19
time,5.38,2.08,4.24,2.62
untroubled,7.65,1.37,4.13,2.44
timid,3.9,1.63,4.66,2.18
upset,2,1.17,6.25,1.94
tobacco,3.23,2.16,4.92,2.65
urine,3.65,1.67,4.23,1.99
tomb,2.55,1.82,5.05,2.72
useful,7.38,1.36,4.2,2.61
tool,4.91,1.27,3.91,1.63
useless,1.89,1.28,4.75,2.52
toothache,1.97,1.18,5.43,2.5
utensil,5.4,0.94,3.4,1.93
tornado,2.29,1.54,7.03,2.4
vacation,8.38,1.21,6.1,2.88
torture,1.58,0.77,7.11,2.35
vagina,4.9,0.72,3.95,1.9
tower,5.35,0.88,3.5,2.24
valentine,8.23,1.34,6.12,2.94
toxic,2.14,1.48,6.61,2.31
vampire,3.92,1.96,6.46,2.3
toy,7,1.98,4.58,2.83
vandal,2.32,1.86,6.76,1.48
tragedy,1.5,0.86,6.31,2.95
vanity,4.29,1.79,5,2.32
traitor,2.25,1.83,6.1,2.47
vehicle,6.15,2.65,4.38,3.1
trash,2.88,1.56,4.35,1.83
venom,1.8,0.89,6.55,2.46
trauma,1.77,1.11,6.54,2.04
vest,5.46,1.42,3.69,2.22
travel,7.6,1.76,6.35,2.62
victim,1.92,1.32,6.12,2.23
victory,8.6,0.91,6.88,2.97
world,6.69,2.19,5.52,2.37
vigorous,6.74,1.61,6.38,2.56
wounds,2.08,1.29,5.85,2.01
village,5.95,1.47,3.9,1.59
writer,6.05,2.06,5.38,2.54
violent,1.48,0.79,7.26,2.26
yacht,6.55,1.85,5.35,2.89
violin,5.96,1.75,3.42,2.37
yellow,5.58,2.02,4.77,1.99
virgin,6.62,1.66,4.73,1.64
young,7,2.48,5.54,2.63
virtue,6.27,2.34,4,2.58
youth,6.68,2.73,5.81,2.7
vision,6.5,1.95,4.75,2.5
zest,7,2.43,5.52,2.96
