abduction,3.19,1.94,4.95,1.99
angry,3.87,1.55,6.67,2.09
abortion,4,2.11,4.72,2.22
anguished,2.7,1.89,4.45,2.33
absurd,3.86,2.14,4.09,2.43
ankle,5.63,1.42,4.53,2.09
abundance,6.62,2.16,5.9,2.72
annoy,3,1.41,6.5,1.45
abuse,2.78,1.3,6.67,2.4
answer,7,1.7,5.68,2.21
acceptance,7.75,1.25,6,2.25
anxious,4.8,1.93,6.7,2.06
accident,2,1.06,5.94,3.27
applause,7.33,1.37,5.83,2.57
ace,7.7,1.34,6.35,2.62
appliance,5.05,1.62,4.23,2.33
ache,3,1.76,5.26,2.28
arm,5.5,1.79,4.4,2.74
achievement,7.58,1.73,4.42,2.61
army,4.9,1.52,4.65,2.01
activate,5.89,0.93,4.44,2.7
aroused,8,1.15,6.22,3.07
addict,2.84,2.53,5.64,2.56
arrogant,4.69,2.8,5.12,2.74
addicted,2.75,1.33,4.5,2.24
art,5.7,2.36,4.6,2.6
admired,7.6,1.45,6.4,1.99
assassin,4.33,2.19,5.73,2.74
adorable,7.35,1.37,5.38,2.39
assault,2.55,1.86,7.17,2.25
adult,6.48,1.53,4.72,2.25
astonished,6.5,1.55,6.44,2.34
advantage,7.26,1.45,5.37,1.98
astronaut,6.79,1.64,4.92,2.1
adventure,7.23,1.69,6.91,2.43
athletics,6.76,2.05,6.71,2.08
affection,7.9,0.99,6.1,2.56
autumn,5.93,1.83,4.87,2.45
afraid,2.42,1.56,6.67,2.35
avalanche,3.62,2.16,5.29,2.22
aggressive,5.58,1.31,6.17,2.48
avenue,5.15,1.23,4.4,1.85
agility,7.1,1.52,4.2,1.81
awed,6.35,1.5,6.05,2.16
agony,2.47,2.29,5.47,2.77
baby,7.71,1.49,6.25,2.49
agreement,6.74,1.52,4.89,1.94
bake,6.32,1.25,4.7,2.54
air,6.47,1.61,4.68,2.36
bandage,4,1.81,3.8,1.77
alcoholic,3.72,2.81,5.36,2.6
bankrupt,2.24,1.52,5.71,2.82
alert,5.55,1.64,6.65,2.6
banner,5.35,0.67,3.65,1.73
alien,6.36,1.65,5.77,1.93
bar,7,2.08,5.5,2.7
alimony,3.21,1.55,3.67,2.13
barrel,5.3,1.66,3.75,2.71
alive,6.6,2.48,5.35,2.72
basket,5.6,1.22,3.36,2.04
allergy,3.2,1.79,4.6,2.23
bastard,3.2,2.11,6.38,2.5
alley,4.76,1.76,4.62,1.91
bath,7.24,1.36,4.76,1.85
alone,3.07,2.34,4.13,2.72
bathroom,5.92,1.38,3.84,1.89
aloof,5.24,1.92,3.88,1.8
bathtub,6.64,1.68,5.36,2.26
ambition,5.95,1.99,5.85,2.7
beach,8.47,0.87,6.88,2.19
ambulance,3,1.33,6.6,1.78
beast,5.1,2.51,6,2.29
angel,6.8,2.35,5.3,2.83
beautiful,7.23,2,6.36,2.46
anger,2.87,1.25,6.73,2.31
beauty,7.47,1.13,5.6,2.16
bed,7.88,1.09,4.04,2.85
bright,7.05,1.61,5.45,2.21
bees,3.24,2.07,6.72,2.3
broken,3.5,2.26,5.39,2.45
beggar,3.95,2.04,4,1.92
brother,6.83,1.53,5.55,2.07
bench,4.56,1.34,3.33,1.78
brutal,3.25,1.94,5.65,2.6
bereavement,4.63,1.54,4.26,2.16
building,5.56,1.23,4.08,2.12
betray,1.85,1.14,7.17,2.08
bullet,4.2,1.96,5.45,1.99
beverage,6.8,1.54,5.55,2.37
bunny,6.71,1.05,4.38,2.6
bird,6.92,1.38,2.67,2.02
burdened,2.71,0.91,5.46,2.26
birthday,7.4,2.82,6.6,2.13
burial,2.62,1.85,4.64,2.56
black,5.92,1.38,4.54,2.21
burn,3.12,1.99,6.4,1.85
blackmail,3,1.56,5.2,2.78
bus,4.72,1.28,3.32,1.99
bland,4.1,1.02,3.45,2.19
busybody,4.81,1.21,4.29,1.93
blase,5,1.32,4.35,1.69
butter,5.4,0.97,3.3,1.77
blasphemy,3.65,2.11,4.55,2.37
butterfly,6.58,1,3.45,2.02
bless,6.35,2.18,4.12,2.29
cabinet,5.1,0.31,3.45,1.7
blind,2.71,1.83,3.69,2.18
cake,7.27,1.16,5.13,2.26
bliss,7.17,1.79,5.06,3.06
cancer,1.75,0.97,6.83,2.37
blister,3.48,1.91,3.81,2.11
candy,6,1.34,4.1,2.27
blond,6.64,2.44,6.05,2.79
cane,3.58,1.95,4.42,1.87
bloody,3.76,2.3,6.32,2.36
cannon,5.71,2.39,5.14,2.85
blossom,7.53,1.41,5.67,3.02
capable,7,1.31,5.6,1.68
blubber,3.83,2.09,4.56,2.15
car,7.84,1.28,5.64,2.16
blue,7.16,1.52,4,2.08
carcass,4.21,1.81,5.11,1.79
board,4.58,1.22,3.26,1.94
carefree,7.75,1.36,2.67,2.42
body,5.75,2.47,5.6,2.78
caress,7.58,1.31,4.5,3.32
bold,6.25,1.71,4.75,2.53
cash,8.28,0.94,7.08,2.77
bomb,2.7,1.16,6.7,2.41
casino,6.9,1.79,6.76,1.97
book,5.9,1.83,4.15,2.3
cat,5.33,2.6,4.08,2.32
bored,2.82,1.47,2.88,2.28
cell,3.33,1.93,3.67,2.44
bottle,6.09,1.54,5.45,1.9
cellar,4.45,1.57,4.3,2.45
bouquet,6.52,1.99,5.1,2.41
cemetery,3.42,1.38,4.45,2.25
bowl,4.8,0.63,3.4,2.12
chair,5.3,0.95,3.4,1.84
boxer,6.12,1.51,5.2,2.25
champ,7.22,1.4,6.22,1.48
boy,5.4,0.74,3.73,2.09
champion,8.42,1.08,4.83,3.43
brave,6.76,2.02,5.95,2.6
chance,6.42,1.61,5.63,2.43
breast,8.13,1.3,6.8,2.21
chaos,4.5,2.16,6.3,1.81
breeze,6.52,1.97,4.29,2.15
charm,6.67,1.63,5.47,2.42
bride,6.7,1.92,4.7,2.56
cheer,7.7,1.38,5.95,2.37
child,6.15,2.23,5.75,1.77
corrupt,4.15,2.54,5.05,2.35
chin,5.36,1.43,3.64,2.11
cottage,5.87,0.99,4.2,2.6
chocolate,6.8,1.83,4.88,2.67
couple,6.84,1.77,5.36,2.4
christmas,7.58,1.61,6.05,2.68
cow,5.72,1.62,3.12,2.13
church,5.29,2.67,4.69,3.09
coward,2.75,1.77,3.9,2.1
circle,5.3,1.17,3.65,1.93
cozy,7.53,1.36,3.73,2.34
circus,6.76,1.52,5.38,2.47
crash,2.6,1.51,7,2.26
city,5.67,1.5,4.53,2.07
crime,3.55,2.44,5,2.96
cliff,4.96,2.23,5.88,2.3
criminal,3.25,1.65,3.86,2.33
clock,4.86,1.73,3.95,2.38
crisis,4.17,2.43,4.89,2.79
clothing,5.93,2.16,4.15,2.91
crown,6.2,1.4,3.4,2.59
clouds,6.42,2.19,3.46,2.28
crucify,2.53,1.68,5.8,2.98
clumsy,4.06,2.07,4.78,2.29
crude,3.74,1.59,5,2.11
coarse,4.65,1.09,4.5,1.57
cruel,2.64,2.41,5.27,2.46
coast,6.06,1.7,4.83,2.46
crushed,2.83,2.29,5.73,2.69
cockroach,3.73,2.05,5.33,2.66
crutch,3.94,1.63,4.5,1.76
coffin,3,2.11,4.3,2.79
cuddle,7.3,2.15,5.1,2.69
coin,5.76,2.32,4.48,2.75
cuisine,6.89,1.64,4.83,1.95
cold,3.9,1.94,5.4,1.85
curious,6.8,1.23,5.8,2.1
color,7.05,1.65,4.63,2.71
curtains,5,0.58,3.65,1.98
column,5.15,1.04,3.7,2.05
custom,5.53,1.41,4.67,2.23
comedy,8,0.95,6.36,2.06
cut,3.7,1.89,4.75,2.49
comfort,6.45,2.21,4.35,2.87
cute,7.24,0.97,6.38,2.16
computer,6.12,1.92,4.52,2.06
cyclone,4.35,2.18,6.2,2.95
concentrate,4.83,1.11,4.73,1.62
dagger,4.53,1.81,5.47,2.87
confident,7.73,1.28,6.53,2.5
damage,3.7,1.75,5.05,2.26
confused,3.27,0.65,5.55,1.92
dancer,6.8,1.53,5.32,2.3
consoled,5.71,1.65,4.94,2.02
danger,4.56,2.33,7.17,1.65
contempt,4.2,1.87,4.9,0.88
dark,4.9,1.81,4.48,1.81
contents,4.73,1.03,4.07,2.28
dawn,6.1,2.49,4.35,2.78
context,5.2,1.47,4.35,1.87
daylight,6.56,2.28,5.17,2.04
controlling,4.53,2.26,5.6,2.13
dazzle,7.33,1.06,6.38,2.01
cook,6.05,1.22,4.21,1.72
dead,2.48,2.29,5.4,2.84
cord,4.95,1.31,3.84,1.95
death,1.69,1.14,4.41,2.87
cork,5.16,1.34,3.89,1.94
debt,2.4,1.12,4.33,2.66
corner,4.33,1.32,3.62,1.99
deceit,3.26,1.63,5.63,2.45
corpse,2.5,1.18,4.2,2.53
decompose,3.95,1.73,4.2,2.4
corridor,4.86,1.28,3.62,2.48
decorate,6.5,1.36,5,2.68
defeated,2.42,1.5,4.35,2.7
divorce,2.4,1.85,5.3,2.98
defiant,4.64,1.86,5.27,2.87
doctor,4.67,2.29,5.53,2.64
deformed,2.95,1.75,3.62,2.18
dog,7.68,1.65,5.4,2.99
delayed,3.15,2.01,5.1,2.17
doll,5.05,1.65,3.37,2.11
delight,7.92,1.31,5.73,2.49
dollar,7.24,2.05,6.43,2.27
demon,3.2,1.61,5.93,3.01
door,5.16,1.5,4.32,2.38
dentist,3.56,2.22,5.6,2.55
dove,6.45,1.47,4.55,1.79
depressed,2.33,1.45,4,2.33
dreadful,2.38,2,5.71,2.69
depression,2.6,2.21,4.55,3.05
dream,6.47,1.65,4.42,2.5
derelict,4.45,1.93,4.1,1.68
dreary,3.24,1.45,3.05,2.13
deserter,3.53,2.13,4.8,2.31
dress,5.87,0.99,4.67,1.72
desire,7.72,1.31,7.24,1.92
drown,1.96,1.72,6.68,2.64
despairing,2.93,2.05,5.6,2.41
dummy,3,1.34,4.38,2.18
despise,2.08,1.19,5.86,2.35
dump,3.71,2.03,4.38,2.48
destroy,4,2.75,6.3,2.91
dustpan,4.24,1.74,3.36,1.82
destruction,4.78,2.46,6.17,2.53
earth,6.79,1.72,4.08,2.1
detached,3.82,2.04,4.19,2.51
easy,7.09,2.11,5.55,2.39
detail,5.73,1.49,4.36,2.36
easygoing,6.75,1.42,4,2.56
detest,2.8,1.55,5.8,2.2
eat,8,1.32,6.6,2.29
devil,2.59,2.12,5.06,2.73
ecstasy,8.14,1.13,7.82,1.44
devoted,7.1,1.45,5.7,1.77
education,6.55,1.36,5.6,2.44
diamond,7.92,1.38,5,2.97
egg,5.11,1.63,3.63,2.54
dignified,6.82,1.01,3.41,1.97
elated,7.47,1.51,6.2,2.11
dinner,7.48,1.19,5.52,2.4
elbow,4.9,0.45,3.7,2
diploma,7.64,1.12,5.64,2.25
elegant,7.08,1.56,4.92,2.97
dirt,4.41,1.92,3.41,2.34
elevator,5.1,0.64,3.57,2.09
dirty,3.88,2.44,5.21,2.75
embarrassed,3.93,2.12,5.87,2.42
disappoint,2.6,1.5,4.6,2.59
embattled,5,2.16,5.9,2.23
disaster,2.25,1.33,6.05,2.54
employment,5.73,2.05,5.33,2.02
discomfort,2.41,1.5,3.73,2.29
engaged,7.33,1.5,6.07,1.91
discouraged,3,1,4,2.33
engine,5.27,1.49,4.93,2.19
disdainful,3.93,1.71,4.67,1.76
enjoyment,7.7,1.22,5.7,2.7
disgusted,2.6,1.45,4.47,2.47
ennui,5.17,1.64,3.92,2.43
disloyal,2.38,1.5,5.82,2.63
enraged,2.3,1.64,7.9,2.13
displeased,2.76,2.17,4.81,2.4
erotic,8.16,1.07,7.72,1.81
distressed,2,0.63,6.42,2.15
errand,4.36,1.78,4,1.91
disturb,3.67,1.75,5.72,1.96
event,6.41,1.92,5.59,2.52
diver,6.6,1.63,4.96,2.49
evil,4.33,2.7,6.56,2.36
excellence,8.3,0.82,4.7,2.26
foam,5.45,1.67,4.25,2.24
excitement,6.87,2.36,6.93,2.43
food,7.88,0.97,5.4,2.47
excuse,3.82,1.88,4.88,2.64
foot,5.06,0.8,3.5,1.86
execution,3.27,2.46,5.53,2.77
fork,5.48,1.08,4.04,2.21
exercise,6.93,1.91,7.13,2.2
foul,2.94,1.14,5.18,2.53
fabric,5.21,1.44,3.95,1.82
fragrance,6.24,1.35,5.75,2.46
face,6.12,1.76,4.76,2.37
fraud,2.7,1.7,5.3,1.89
failure,2.27,1.22,4,2.54
free,7.83,1.85,5.09,3.02
fall,3.86,2.22,4.81,2.54
freedom,7.53,1.62,6.25,2.05
FALSE,3.24,1.58,3.27,2.23
friend,7.18,1.07,6.38,1.96
fame,7.92,1.31,5.17,3.01
friendly,8.29,0.99,4.77,2.42
family,7.5,1.79,5,2.64
frigid,3.44,1.34,4.61,2.62
famous,7.39,1.2,6.11,2.47
frog,5.87,1.25,4.8,2.18
fantasy,7.39,1.5,6,2.45
frustrated,2.7,1.56,5.55,2.61
farm,5.4,1.98,3.6,1.94
fun,8.21,1.36,7.11,2
fascinate,7.13,2.23,6.07,2.6
funeral,1.64,0.84,4,2.77
fat,2.94,2.11,2.82,1.47
fungus,3.83,1.19,4.18,2.09
father,6.8,2.18,5.47,2.97
fur,5.5,1.68,3.55,2.38
fatigued,3.56,1.26,2.69,1.99
game,7.58,0.77,6.32,2.11
fault,3.14,1.58,3.73,1.91
gangrene,2.73,2.15,5.93,2.91
favor,6.58,1.54,4.89,1.91
garbage,3.45,1.99,4.3,2.54
fear,3.75,2.45,6.71,2.48
garden,6.43,1.91,4.76,2.26
fearful,2.1,0.99,5.5,2.32
garment,5.47,1.26,3.95,2.17
feeble,3.59,1.7,3.94,2.44
garter,6.92,1.53,6.08,2.14
festive,7.26,1.33,6.63,2.14
gender,5.6,1.05,4.35,2.18
fever,3.05,1.61,3.8,1.82
gentle,6.9,1.37,2.9,2.08
field,6.08,1.26,4.04,2.26
germs,2.9,1.3,4.29,2.24
fight,4.81,2.73,6.9,2.36
gift,6.6,2.82,5.27,2.87
filth,3.12,1.93,3.94,1.53
girl,7.6,1.57,5.85,2.52
finger,5.29,1.42,4.05,2.16
glacier,5.67,1.18,4.53,1.85
fire,4.2,1.48,6.5,2.32
glamour,6.13,1.77,4.6,2.23
fireworks,7.8,1.12,6.56,2.16
glass,4.5,1.72,4.44,2.18
fish,6.2,2.22,3.84,2.53
gloom,2.08,1.44,4.17,2.69
flabby,4.16,1.8,3.68,2.31
glory,7.4,1.59,6.13,2.39
flag,5.9,1.89,5.4,2.19
god,8.35,1.18,6.1,2.86
flirt,7.48,1.03,6.9,1.64
gold,7.92,1,6.45,2.16
flood,3.75,1.52,5.9,2.02
golfer,5.76,2.13,3.84,2.53
flower,6.06,1.53,4.6,2.23
good,7.33,1.28,5.05,3.09
gossip,3.75,2.02,5.1,2.22
heaven,7.07,2.34,6.53,2.83
graduate,8,1.37,7.56,2.03
hell,2.85,1.69,4.65,2.37
grass,5.85,1.27,4.85,1.93
helpless,2.2,1.21,4.87,2.59
grateful,7.33,0.82,4.27,1.75
heroin,3.85,2.35,4.45,2.98
greed,4.14,2.22,5.38,2.33
hide,5.07,1.67,4.47,2.5
green,5.3,2,4.8,2.44
highway,6.04,1.67,4.8,2.6
greet,6.95,1.47,5.29,1.98
hinder,3.86,1.64,4.09,1.93
grenade,3.9,1.92,5.48,2.54
history,6,1.79,4.12,2.18
grief,1.8,1.4,4.7,2.83
hit,5.44,2.16,5.4,2.43
grime,3.95,1.18,4.37,2.31
holiday,7.3,2.36,7.1,2.29
grin,6.89,2.16,5.7,2.87
home,7.71,1.96,4.29,2.73
gripe,3.25,1.41,4.95,2.33
honest,7.21,1.53,5.71,1.44
guillotine,4,2.45,6.25,2.77
honey,6.53,1.87,4.53,2.14
guilty,2.75,1.29,5.05,2.8
honor,7.6,1.18,6.13,1.51
gun,4.72,2.57,7.08,1.96
hooker,4.53,2.46,6,2.13
gymnast,6.44,1.73,4.48,2.28
hope,6.67,1.57,4.84,2.57
habit,4.15,1.53,3.85,1.81
hopeful,7.07,1.03,6.27,1.22
hairdryer,4.88,0.78,3.8,1.66
horror,3.18,2.32,6.44,2.13
hairpin,5.4,1.57,3.5,2.48
horse,5.6,0.97,3.5,1.78
hamburger,6.95,1.51,4.95,2.24
hospital,5.05,1.85,5,2.41
hammer,4.75,1.25,4.65,2.35
hostage,2.25,1.59,5.5,3
hand,5.84,1.34,4.6,2.16
hostile,3.33,1.63,6.8,2.04
handicap,3.62,2.06,3.68,2.46
hotel,6.67,1.41,5.26,2.66
handsome,7.5,1.51,4.42,2.87
house,7.29,1.55,4.04,2.58
haphazard,3.64,1.5,3.68,2.17
hug,7.67,0.98,5.55,2.21
happy,8.25,1.39,7,2.73
humane,6.17,1.76,4.83,1.34
hard,5.68,2,5.42,2.19
humble,6,1.58,3.53,2.35
hardship,3,1.75,4.7,2.23
humiliate,2.2,1.15,6.35,2.3
hat,5.58,1.39,4.53,2.12
humor,8.2,0.92,4.3,2.45
hate,2.92,2.31,7.33,2.35
hungry,3.67,2.32,5.2,2.73
hatred,2.53,2.26,6.47,2.72
hurricane,4.19,2.34,6.67,2.15
hawk,6.33,1.61,4.08,2.34
hurt,2.55,1.51,6.27,2.76
hay,5.19,1.63,4.81,2.75
hydrant,5.08,0.86,3.64,1.78
headache,2.24,1.15,5.18,2.63
icebox,5,0.88,4.84,1.8
headlight,5.05,1.77,3.77,2.41
idea,6.43,1.12,5.57,1.78
heal,6.71,1.23,4.86,1.9
identity,6.23,2.16,5.09,2.33
health,6.93,1.33,5.33,2.79
idiot,3.4,2.32,4.8,2.37
heart,6.9,1.58,6.14,2.1
idol,5.71,1.74,4.76,2.23
ignorance,2.9,1.74,3.85,2.21
jealousy,2.65,1.23,5.55,2.68
illness,2.7,1.45,4.6,2.28
jelly,5.75,0.97,4.08,2.61
imagine,7.1,1.62,5.6,2.09
jewel,6.3,2.16,5.6,2.8
immature,4.1,1.73,4.19,2.02
joke,8.19,0.81,6.67,1.93
immoral,3.75,2.31,4.75,2.47
jolly,7.38,2.01,5.68,2.78
impair,3.42,1.43,3.47,1.81
journal,4.95,1.23,4.45,1.32
impotent,3.24,2.36,4.69,3.05
joy,8.57,0.76,8.14,0.86
impressed,6.77,2.05,5.77,2.49
joyful,7.57,1.65,6.36,2.17
improve,7.35,1.27,5.56,2.31
jug,5.45,2.15,4.23,2.25
incentive,7.05,1.47,5.7,2.23
justice,7.42,1.78,4.92,2.35
indifferent,4.8,1.51,3.2,1.74
kerchief,5.56,1.34,3.67,1.75
industry,5.8,1.32,4.73,2.37
kerosene,4.86,1.29,4.31,2.53
infant,6.05,2.15,4.64,2.7
ketchup,5.52,1.44,3.86,1.85
infatuation,6.96,1.95,7.08,2.02
kettle,5.19,1.08,3.57,2.44
infection,1.93,1.87,4.73,2.71
key,5.35,1.57,3.95,2.11
inferior,3.09,1.9,3.27,2.07
kick,4.5,1.99,4.23,2.43
inhabitant,4.79,1.36,4.74,1.52
kids,6.84,1.46,5.26,1.94
injury,3.16,2.03,5.56,2.29
killer,2.64,1.39,7.07,2.3
ink,5,1.11,3.54,1.85
kind,7.5,1.18,3.8,2.49
innocent,6.25,1.37,4.65,1.69
kindness,7.05,1.54,5,2.31
insane,3.58,1.89,5.68,2.29
king,7,1.7,5.6,2.63
insect,4.5,1.93,4.15,2.23
kiss,8.29,1.2,6.87,2.59
insecure,2.2,0.92,3.9,1.6
kitten,6.72,2.37,5,2.45
insolent,4.71,1.76,5.69,2.55
knife,4.6,2.14,5.84,1.77
inspire,6.4,2.59,5.07,1.94
knot,4.45,1.43,3.71,2.15
inspired,6.6,1.85,6,2.47
knowledge,7.55,1.5,5.95,2.33
insult,3,1.2,5.37,2.39
lake,6,1.41,4.2,1.75
intellect,6.72,2.19,4.78,1.9
lamb,5.45,1.85,3.3,2.43
intercourse,7.7,1.66,7.35,1.93
lamp,5.1,0.77,3.71,2.15
interest,7,1.48,5.18,2.32
lantern,5.5,1.1,4.3,2.18
intimate,7.74,1.05,7.05,1.9
laughter,8.55,0.83,6.8,2.67
intruder,3.78,2.18,6.44,2.33
lavish,5.68,2.17,4.91,2.27
invader,3.75,1.94,4.3,2.18
lawn,5.26,0.87,4.21,1.78
invest,5.64,2.3,5.41,2.09
lawsuit,3.2,1.67,4.33,2.33
iron,5.28,0.89,4,2.25
lazy,4.43,1.91,2.29,1.45
irritate,2.87,1.64,5.13,2.39
leader,7.38,1.72,6.19,1.94
item,5.32,0.78,3.5,2.2
learn,6.93,1.39,5.13,2.17
jail,2,1.41,5.13,2.9
legend,6.37,1.21,5.58,1.39
leisurely,6.71,1.93,2.82,1.81
man,6.24,1.69,3.68,1.86
leprosy,2.09,1.81,5.92,2.11
mangle,4.16,1.77,5.79,1.62
lesbian,6,2.33,5.76,2.55
maniac,4.29,2.1,5.24,1.92
letter,6.26,1.52,5.21,2.2
manner,5.67,0.97,4.71,1.93
liberty,7.67,1.3,5.92,2.47
mantel,4.9,1.71,3.75,2.34
lice,2.69,2.32,5.14,2.18
manure,2.95,1.76,4.05,2.31
lie,3.87,2.23,5.33,2.82
market,5.84,1.01,4.79,1.51
life,7,2.37,5.42,2.97
massacre,2.24,1.41,5.48,2.32
lightbulb,5.44,1.12,3.8,1.89
masterful,7.27,1.39,5.67,2.32
lighthouse,6.33,1.61,5.06,2.26
masturbate,6.6,1.5,6.08,1.89
lightning,5.16,2.76,6.52,1.81
material,5.27,1.58,4.5,2.41
limber,5.45,1.23,4.85,1.9
measles,3.33,1.63,4.4,2.38
lion,5.6,2.1,5.84,2.43
medicine,5.57,1.91,4.52,2.34
listless,4.41,1.91,4.94,2.52
meek,4.5,1.64,3.3,1.75
lively,6.89,1.53,5.47,2.84
melody,6.68,2.03,4.77,2.84
locker,4.95,1.59,3.41,2.38
memories,7.35,1.63,6.2,2.26
loneliness,1.67,1.07,4.67,3.03
memory,6.88,1.5,5.44,2.56
lonely,2.2,1.26,3.8,2.43
menace,3.18,1.78,5.24,2.82
loser,2.61,1.54,4.84,2.65
merry,7.7,1.38,6.35,2.01
lost,3.22,1.7,5.89,2.35
messy,3.14,1.85,3.1,1.95
lottery,6.72,1.45,5.11,2.19
metal,5.09,1.31,3.82,1.97
louse,3.88,2.22,4.47,2.24
method,5.9,2.02,4.43,2.96
love,8.6,0.84,6.5,3.14
mighty,6.1,2,5.35,2.6
loved,8.1,0.99,5.5,2.32
mildew,3.36,1.22,4.07,1.82
loyal,6.8,2.24,5,2.27
milk,6.43,1.94,4.52,2.75
lucky,7.94,1.24,7,1.9
millionaire,8.3,1.34,5.6,3.13
lump,4.95,1.84,4.32,2.67
mind,6.52,2.11,5.24,2.74
luscious,7.55,1.13,6.08,2.11
miracle,8.4,0.83,7.53,1.46
lust,7.32,1.63,6.92,1.96
mischief,5.4,1.9,5.75,2.17
luxury,7.5,2.32,4.08,2.68
misery,2.3,1.53,4.95,2.68
machine,4.65,1.63,3.8,2.28
mistake,3.25,2.07,5.15,2.5
mad,2.35,1.23,7.2,1.77
mobility,6.7,1.92,5.45,2.06
madman,4.79,2.04,5.11,2.18
modest,5.68,1.29,4.42,2.12
maggot,2.4,1.84,4.6,3.17
mold,3.9,1.73,4,1.48
magical,7.05,1.75,6.05,2.04
moment,5.53,1.7,4.56,2.5
mail,6.5,1.76,5.74,2.45
money,7.92,1.51,5,2.98
malaria,2.4,1.35,4.19,2.56
month,5.4,0.84,4.1,1.66
malice,3.56,2.13,5.22,2.28
moody,3.5,1.57,4,2.29
moral,5.95,2.33,4.57,2.4
nude,7.8,1.66,7.12,2.33
morbid,3.4,2.13,4.73,2.55
nuisance,3.84,1.74,4.58,2.19
morgue,2.27,1.53,4.2,2.73
nun,4.5,1.58,3.11,1.75
mosquito,3.29,2.24,4.71,2.81
nurse,6.42,1.98,4.88,2.35
mother,7.87,1.46,5.2,3
nursery,4.95,1.87,3.47,2.09
mountain,6.2,1.82,5.8,2.54
obesity,2.61,1.38,3.21,2.32
movie,6.73,2.37,5.07,2.34
obey,4.52,2.02,4.29,1.82
mucus,3.86,2.37,3.43,1.91
obnoxious,4,1.69,4.7,1.81
muddy,4.84,1.86,3.95,1.81
obscene,5.21,2.2,5.63,2.29
muffin,6.35,1.95,4.55,2.14
obsession,5.72,1.9,6.72,1.6
murderer,1.83,1.27,7.58,2.35
ocean,6.79,1.48,5.36,2.65
muscular,6.08,2.11,5.92,2.35
odd,5.25,1.71,4.45,2.54
museum,5.45,2.11,4.4,2.19
offend,3.37,1.57,5.74,1.48
mushroom,6.08,2.26,4.96,2.49
office,5.28,1.9,4.08,1.82
music,7.67,1.23,5.6,2.77
opinion,5.71,1.27,4.54,2.63
mutation,4.37,2.56,4.84,2.46
optimism,6.14,2.41,4.81,2.52
mutilate,1.4,0.97,7.5,2.07
option,6.2,1.2,4.75,2.45
mystic,5.95,2.09,4.2,2.17
orchestra,5.33,2.57,3,2.04
naked,6.95,2.06,6.1,2.95
orgasm,8.45,1.28,7.9,1.77
name,5.95,1.9,4.75,2.49
outdoors,7.36,2.29,5.48,2.63
narcotic,4.5,1.99,4.75,2.31
outrage,3.68,2.23,6.55,2.34
nasty,4.21,2.27,5.21,2.27
outstanding,7.47,1.54,6.32,2.26
natural,6.56,1.58,4.78,2.24
overcast,4,1.53,4.21,1.78
nature,7.43,1.45,4.62,2.69
overwhelmed,4.87,2.5,6.4,3.02
nectar,6.79,1.81,3.54,2.82
owl,6.04,1.27,4,2.04
needle,4.11,1.57,5,2.61
pain,2.9,1.77,5.7,2.27
neglect,3.33,1.77,4.52,2.11
paint,5.16,1.54,4.58,2.17
nervous,3.74,1.28,5.53,1.95
palace,6.47,1.97,4.82,2.86
neurotic,4.95,1.99,4.74,2.6
pamphlet,4.85,1.14,3.6,1.88
news,5.53,1.43,4.55,2.35
pancakes,6.56,1.33,3.92,1.98
nice,6.83,1.65,4.95,2.82
panic,3.52,1.94,6.52,2.35
nightmare,2.58,1.38,7.45,1.69
paper,5.33,1.37,2.45,2.07
nipple,7.32,1.45,6.68,2.26
paradise,8.6,0.75,5.85,3.41
noisy,5.1,1.92,6.15,1.73
paralysis,2.39,1.72,4.84,2.81
nonchalant,4.71,1.45,3.12,2
part,5.11,1.6,4.67,1.68
nonsense,5.11,1.73,4.89,1.94
party,7.12,1.83,6.59,2.58
noose,4.14,1.62,4.71,2.19
passage,5.53,1.18,4.44,1.98
nourish,6.24,1.92,4.43,2.31
passion,7.8,1.14,7.7,1.89
pasta,6.68,1.7,4.88,2.13
pressure,3.5,1.19,5.55,2.31
patent,5.75,1.42,3.08,1.93
prestige,7.45,1.64,6.15,1.69
patient,4.71,1.82,4.19,2.25
pretty,7.65,1.42,6.65,1.98
patriot,6.85,1.84,6.4,2.16
prick,4.55,1.67,4.1,2.77
peace,7.25,2.1,3.85,2.74
pride,6.53,2.26,5.8,2.98
penalty,3.09,1.66,4.68,2.38
priest,6.06,2.46,5.41,2.45
pencil,5.3,0.67,3,1.94
prison,2.25,1.76,5.92,3.34
penis,5.55,1.7,5.1,2.77
privacy,5.73,1.58,3.93,2.09
penthouse,6.9,1.65,6.2,2.4
profit,7.8,1.47,7.4,1.55
people,6.88,1.69,5.12,1.72
progress,7.45,1.36,6.05,2.37
perfection,8,1.76,5,3.05
promotion,8,1.6,5.67,2.96
perfume,6.21,1.44,5.21,2.42
protected,6.25,1.97,4.1,2
person,6.58,1.44,3.58,1.78
proud,8.08,1.08,5.91,2.59
pervert,4.15,2.61,6.21,2.91
pungent,4.38,2.11,4.19,2.2
pest,3.79,2.08,5.31,2.32
punishment,2.4,1.5,5.8,2.54
pet,5.86,2.62,5.05,2.63
puppy,7.3,2.41,6.1,2.69
phase,5.19,0.4,3.57,1.86
pus,2.84,2.15,4.92,2.29
pie,6.45,1.54,4.7,2.18
putrid,2.86,1.83,5.46,2.37
pig,5.1,2.14,4.71,2.31
python,5.39,2.38,5.56,2.36
pillow,7.88,1.17,3.62,2.96
quality,6.39,1.72,4.5,1.92
pinch,4.38,1.72,4.81,2.34
quarrel,3.5,1.96,6.1,2.07
pistol,5.89,2.31,6.21,1.9
quart,5.45,1.85,4.1,2.4
pity,3.71,1.49,3.48,1.63
queen,5.81,1.08,4.73,1.96
pizza,6.8,2.36,5.08,2.22
quick,6.7,1.59,6.65,1.93
plain,4.8,1.24,3.35,1.63
quiet,5.75,1.54,2.5,1.73
plane,6.32,2.17,6.08,2.41
rabbit,6.4,1.78,3.64,1.98
plant,6.12,1.41,3.31,1.85
rabies,1.58,0.9,6.08,2.87
pleasure,8,1.05,6.2,2.39
radiant,6.35,2.08,5.05,2.82
poetry,5.29,2.17,4.35,3.18
radiator,4.5,1.36,4.45,2.09
poison,2.27,1.94,5.07,2.55
radio,6.67,1.59,5.36,2.9
politeness,6.8,2.01,3.73,2.43
rage,2.55,2.34,8.33,1.23
pollute,2,1.22,6.14,2.18
rain,5.36,2.64,3.68,2.38
poster,5.45,1.96,4.65,2.94
rainbow,8,1.37,4.88,2.68
poverty,2.08,1.04,4.92,2.6
rancid,4.47,2.37,5.37,2.22
power,7.29,1.59,7.07,1.44
rape,1.7,1.64,5.3,3.53
powerful,6.88,1.93,5.88,2.67
rat,3.5,1.51,4.5,2.11
prairie,5.33,1.61,3.75,2.7
rattle,5.5,1.72,4.4,1.65
present,6.55,2.01,5.6,2.11
razor,5,2.03,6.22,2.13
red,6.36,1.38,4.96,2.13
salad,5.4,1.5,3.73,2.46
refreshment,7.83,1.11,3.92,2.54
salute,5.56,1.55,5.12,2.19
regretful,2.33,1.18,5.73,2.43
sapphire,6.6,2.03,5.13,2.85
rejected,1.83,1.59,6.67,2.35
satisfied,7.44,1.59,4.44,2.01
relaxed,6.4,1.92,3.2,2.48
save,6.27,1.86,5.09,2.39
repentant,5,1.24,4.14,1.7
savior,7.73,1.49,5.87,3.11
reptile,5.5,1.82,5.11,2.08
scalding,3.17,2.2,6.89,2.05
rescue,7.9,1.07,7.1,2.25
scandal,4.05,1.65,4.95,2.01
resent,3.9,1.41,4.24,2.21
scapegoat,3.81,1.66,4.57,2.06
reserved,4.92,1.73,3,2.37
scar,3.6,1.31,4.65,1.73
respect,7.25,1.48,5.12,2.32
scared,3.52,2.24,6.84,2.1
respectful,6.92,1.78,3.67,2.77
scholar,7.08,1.38,5,2.19
restaurant,6.62,2.09,6.14,2.37
scissors,5.14,0.48,4.14,1.82
reunion,6.45,1.96,6.05,2.35
scorching,3.55,1.57,4.67,3.09
reverent,5.5,1.1,4.2,1.7
scorn,3.07,2.09,5.53,2.26
revolt,3.8,1.75,7,2.16
scornful,4,2.22,4.2,2.17
revolver,5.65,1.95,5.25,2.02
scorpion,3.61,2.03,4.63,2.99
reward,7.13,1.55,4.53,2.39
scream,4.04,2.03,6.68,2.36
riches,7.47,1.62,6.5,2.56
scum,3,1.84,5.12,2.34
ridicule,3.8,2.09,4.9,2.57
scurvy,3.53,2.1,4.41,2.85
rifle,5.48,2.74,6.48,1.92
seasick,2.2,1.15,5.2,2.98
rigid,4.15,2.43,4.75,2.73
seat,4.6,1.06,2.6,1.84
riot,3.55,1.64,6.15,2.46
secure,6.94,2.16,3,2.12
river,6.6,1.65,4,2.05
selfish,3.25,1.96,5.33,2.84
roach,3.08,1.73,4.91,2.63
sentiment,5.76,1.48,4.28,2.54
robber,3.11,1.59,5.7,2.45
serious,5.67,1.72,4,2.26
rock,5.84,1.57,4.45,2.35
severe,4.05,1.57,5.3,2.3
rollercoaster,7.8,1.83,7.6,2.14
sex,8.65,0.61,8,1.21
romantic,8.13,1.19,7.93,1.39
sexy,8.16,0.94,7.48,2.16
rotten,2.67,1.4,4.27,2.58
shadow,4.5,1,3.58,2.15
rough,4.71,1.79,4.95,1.77
shamed,2.95,1.32,3.95,1.85
rude,2.82,2.27,6.42,2.78
shark,3.8,2.65,7.24,1.94
runner,5.64,2.04,3.88,2.26
sheltered,5.5,1.93,4.69,1.85
rusty,3.92,1.08,4.25,2.38
ship,5.35,0.99,4,1.95
sad,1.87,1.06,4.2,2.31
shotgun,6.16,2.43,6.11,1.7
safe,6.3,2.2,4,2.55
shriek,4.15,2.32,4.9,2.92
sailboat,6.52,1.81,4.76,2.33
shy,4.59,1.23,3.88,2.32
saint,5.84,1.71,5.05,1.08
sick,2.12,1.2,4.44,2.27
sickness,2.57,2.21,6.08,2.5
spring,7.5,1.54,6.95,1.54
silk,6.53,0.94,4,2.4
square,4.9,1.2,2.5,1.65
silly,7.05,1.84,6.32,2.5
stagnant,4.15,1.14,3.95,1.61
sin,3.36,1.6,5.07,2.06
star,7.33,1.35,6,2.62
sinful,3,1.56,6.33,1.84
startled,4.41,1.12,6.53,2.58
sissy,3.69,2.3,5.06,2.49
starving,2.8,2.24,6,2.57
skeptical,5,1.87,5.35,1.9
statue,5.11,0.81,3.89,1.52
skijump,7.04,1.85,6.75,2.4
stench,2.6,1.27,4.35,2.18
skull,4.6,2.08,5.4,1.63
stiff,5.1,1.94,4.2,2.75
sky,7.28,1.4,4.36,2.38
stink,2.8,1.21,4.27,2.05
skyscraper,6.04,1.99,5.6,1.98
stomach,4.95,2.04,4,2.38
slap,3.53,2.18,6.29,2.57
stool,4.1,1.45,3.67,1.91
slaughter,2.17,1.64,6.92,2.23
storm,5.3,2.2,6.35,2.06
slave,2.18,1.24,5.06,2.88
stove,5.47,1.47,4.26,1.76
sleep,7.53,1.36,2.33,1.99
street,5.3,0.95,3.9,1.6
slime,3.6,1.4,5,2.48
stress,2.33,1.23,7.42,2.35
slow,3.95,1.68,4.16,2.27
strong,7.4,1.5,6.07,2.34
slum,2.2,1.03,4.2,2.78
stupid,2.91,1.7,4.08,2.91
slush,4.65,1.95,3.5,2.19
subdued,5,0.95,2.83,1.53
smallpox,2.5,2.35,5.85,2.3
success,8.2,0.94,6.2,2.43
smooth,6.72,1.32,5,2.58
suffocate,1.64,0.67,5,3.49
snake,4.08,2.43,6.72,2.32
sugar,6.4,1.76,6.2,1.47
snob,2.75,1.29,5.75,2.63
suicide,1.56,0.96,5.18,3
snow,6.88,2.11,5.36,2.74
sun,6.96,2.03,4.8,2.4
snuggle,7.8,1.08,4.47,2.61
sunlight,7,1.52,5.6,2.35
social,6.42,1.26,5.26,2.49
sunrise,7.75,1.14,5.09,2.84
soft,6.84,1.34,5,2.52
sunset,6.8,2.24,4.13,2.97
solemn,4.88,1.54,3.88,1.75
surgery,3.12,2.17,5.68,2.54
song,6.38,2.16,5.38,2.52
surprised,7.07,1.94,7.8,2.27
soothe,7.42,1.12,4.53,2.91
suspicious,4,1.58,6,1.37
sour,3.65,1.66,4.95,1.79
swamp,5.36,2.46,5.27,2.6
space,6.8,1.68,5.08,2.9
sweetheart,8.27,0.96,5.33,2.79
spanking,5,2.53,5.7,2.58
swift,6.58,1.92,5.95,2.53
sphere,5.45,1.15,4.1,2.22
swimmer,6.25,1.65,4.12,2.83
spider,3.64,1.89,5.48,2.47
syphilis,1.9,1.37,4.45,3.22
spirit,7,1.05,5.5,2.51
table,5.3,1.06,3.1,2.69
spouse,7.57,1.28,6.38,2.4
talent,7.4,1.24,6.6,1.45
spray,5.45,1.77,4.45,2.46
tamper,4.1,1.51,5.1,1.67
tank,5.92,1.87,4.92,1.98
treasure,8.47,0.8,7.5,1.15
taste,6.68,1.38,5.37,2.29
treat,7.2,1.51,5.8,1.99
taxi,5.45,1.96,3.8,2.19
tree,6.42,1.44,2.67,1.72
teacher,5.75,2.22,4.5,2.74
triumph,7.2,2.19,6,2.25
tease,6.05,2.34,6.42,2.46
triumphant,8.8,0.56,6.36,2.9
tender,6.57,1.25,5.1,2.1
trophy,7.9,1.2,5.8,2.04
tennis,5.88,2.11,4.4,2.43
trouble,3.75,2.53,5.91,1.92
tense,3.5,1.18,6,2.54
troubled,2.6,1.17,5.1,2.69
termite,3.95,1.5,4.05,2.28
truck,6,1.68,4.72,2.34
terrible,2.38,1.78,5.53,2.33
trumpet,5.81,1.52,5.19,2.29
terrific,8.25,1.06,5.92,3.32
trunk,5,1.53,3.95,2.09
terrified,1.8,0.92,7.3,2.41
trust,5.67,2.92,5.27,2.19
terrorist,1.96,1.81,6.76,2.74
truth,7.5,1.45,4.92,2.69
thankful,6.33,2.23,4.4,2.29
tumor,3.16,2.22,5.68,2.58
theory,5.4,1.54,4.8,2.12
tune,6.32,1.53,4.9,2.05
thermometer,4.8,0.89,3.45,1.99
twilight,6.83,1.79,4.94,2.36
thief,3.47,2,6.27,2.43
ugly,2.5,1.24,5,2.05
thorn,3.59,1.87,5.18,2.24
ulcer,1.92,1.38,6.33,2.93
thought,6,1.64,4.81,2.29
umbrella,5.2,1.5,3.04,2.13
thoughtful,7.41,0.94,6.44,1.71
unfaithful,2.4,1.72,5.47,2.26
thrill,8.4,1.59,8.4,1.06
unhappy,1.93,1.14,4.07,2.55
tidy,6.26,0.93,3.68,2.16
unit,5.7,2.2,4.4,2.72
time,5.15,1.95,5.36,2.92
untroubled,7.55,1.57,3.42,2.78
timid,3.8,1.42,3.07,1.49
upset,2,1.22,5.38,2.87
tobacco,3.4,2.27,4.6,3.63
urine,2.84,1.68,4.16,2.41
tomb,3.44,1.9,4.35,2.76
useful,6.76,1.89,4.35,2.32
tool,5.5,1.24,4.8,1.85
useless,2.73,1.62,5.18,2.82
toothache,2,1.13,5.83,2.62
utensil,4.91,1.69,3.73,2.05
tornado,3.17,2.21,6.33,2.74
vacation,7.73,1.58,4.73,3.08
torture,1.55,0.83,5.15,2.85
vagina,7.27,1.7,7,2.18
tower,5.57,2.31,4.38,2.29
valentine,7.8,1.4,5.9,2.96
toxic,2,1.54,5.92,2.64
vampire,4.76,1.64,6.24,2.49
toy,7,2.1,5.75,2.79
vandal,3.2,1.91,5.95,2.24
tragedy,2.27,1.79,6.13,2.1
vanity,4.33,2.27,4.92,2.39
traitor,2.19,1.56,5.41,2.5
vehicle,6.42,1.89,4.95,2.44
trash,2.44,1.33,3.96,2.47
venom,3.71,2.08,5.5,2.37
trauma,2.44,1.76,6.12,2.83
vest,4.94,1.16,4.33,1.88
travel,6.64,2.13,6.09,2.47
victim,2.44,1.61,6,2.45
victory,7.87,1.41,6.2,2.62
whistle,5.75,1.21,4.7,1.56
vigorous,6.92,1.44,4.75,2.67
white,6.4,1.5,3.96,1.97
village,5.88,1.22,4.31,2.21
whore,3.92,2.68,6.58,2.71
violent,3.53,2.17,6.33,2.74
wicked,2.93,1.98,5.53,2.45
violin,4.88,2.09,3.56,2.18
wife,6.05,2.06,5.65,1.93
virgin,6.29,1.87,6.33,2.18
win,8.35,0.86,8.38,0.89
virtue,6.15,1.69,5.2,2.33
windmill,5.14,1.88,4,2.37
vision,6.87,1.6,4.47,2.36
window,6,1.6,4.18,2.04
volcano,5.12,2.24,6.44,2.38
wine,5.6,1.88,4.85,2.23
vomit,2.3,1.89,6.1,2.85
wink,6.67,1.46,4.79,2.44
voyage,6.39,1.58,5.72,2.42
wise,7,1.26,4.17,2.25
wagon,5.32,0.89,4.05,2.35
wish,6.78,1.59,5.22,2.29
war,3.31,2.78,7.86,1.56
wit,7.32,1.29,5.95,2.09
warmth,7.1,1.59,4.15,2.52
woman,6.95,1.54,6.37,2.29
wasp,3.4,1.68,5.4,2.13
wonder,5.67,1.5,5.27,2
waste,3.47,2.18,4.71,2.8
world,6.13,1.68,4.93,2.46
watch,6.04,1.51,4.08,2.53
wounds,2.96,1.74,5.8,2.04
water,6.93,1.75,5.13,2.75
writer,4.95,1.57,3.45,1.76
waterfall,7.47,1.13,6.8,2.08
yacht,7.33,1.68,5.86,2.59
wealthy,7.58,1.38,5.17,3.04
yellow,5.64,1.89,4.08,2.1
weapon,4.69,1.74,6,1.62
young,6.74,1.56,5.79,2.39
weary,4.18,2.19,3.82,2.16
youth,6.84,1.61,5.47,2.32
wedding,7.07,1.98,6.07,2.6
zest,6.5,1.34,6,1.88
